{
  "IcoMoonType": "selection",
  "icons": [
    {
      "icon": {
        "paths": [
          "M804.571 566.857v274.286c0 20-16.571 36.571-36.571 36.571h-219.429v-219.429h-146.286v219.429h-219.429c-20 0-36.571-16.571-36.571-36.571v-274.286c0-1.143 0.571-2.286 0.571-3.429l328.571-270.857 328.571 270.857c0.571 1.143 0.571 2.286 0.571 3.429zM932 527.429l-35.429 42.286c-2.857 3.429-7.429 5.714-12 6.286h-1.714c-4.571 0-8.571-1.143-12-4l-395.429-329.714-395.429 329.714c-4 2.857-8.571 4.571-13.714 4-4.571-0.571-9.143-2.857-12-6.286l-35.429-42.286c-6.286-7.429-5.143-19.429 2.286-25.714l410.857-342.286c24-20 62.857-20 86.857 0l139.429 116.571v-111.429c0-10.286 8-18.286 18.286-18.286h109.714c10.286 0 18.286 8 18.286 18.286v233.143l125.143 104c7.429 6.286 8.571 18.286 2.286 25.714z"
        ],
        "width": 950.8571428571428,
        "attrs": [],
        "isMulticolor": false,
        "isMulticolor2": false,
        "tags": [
          "home"
        ],
        "defaultCode": 61461,
        "grid": 14
      },
      "attrs": [],
      "properties": {
        "name": "home",
        "id": 24,
        "order": 16,
        "prevSize": 28
      },
      "setIdx": 0,
      "setId": 4,
      "iconIdx": 24
    },
    {
      "icon": {
        "paths": [
          "M274.286 621.714c0-50.286-41.143-91.429-91.429-91.429s-91.429 41.143-91.429 91.429 41.143 91.429 91.429 91.429 91.429-41.143 91.429-91.429zM294.857 438.857h580.571l-50.857-204c-1.714-6.286-13.143-15.429-20-15.429h-438.857c-6.857 0-18.286 9.143-20 15.429zM1078.857 621.714c0-50.286-41.143-91.429-91.429-91.429s-91.429 41.143-91.429 91.429 41.143 91.429 91.429 91.429 91.429-41.143 91.429-91.429zM1170.286 566.857v219.429c0 10.286-8 18.286-18.286 18.286h-54.857v73.143c0 60.571-49.143 109.714-109.714 109.714s-109.714-49.143-109.714-109.714v-73.143h-585.143v73.143c0 60.571-49.143 109.714-109.714 109.714s-109.714-49.143-109.714-109.714v-73.143h-54.857c-10.286 0-18.286-8-18.286-18.286v-219.429c0-70.857 57.143-128 128-128h16l60-239.429c17.714-72 87.429-126.286 161.714-126.286h438.857c74.286 0 144 54.286 161.714 126.286l60 239.429h16c70.857 0 128 57.143 128 128z"
        ],
        "width": 1170.2857142857142,
        "attrs": [],
        "isMulticolor": false,
        "isMulticolor2": false,
        "tags": [
          "automobile",
          "car"
        ],
        "defaultCode": 61881,
        "grid": 14
      },
      "attrs": [],
      "properties": {
        "name": "automobile, car",
        "id": 400,
        "order": 18,
        "prevSize": 28
      },
      "setIdx": 0,
      "setId": 4,
      "iconIdx": 400
    },
    {
      "icon": {
        "paths": [
          "M818.857 142.286c7.429 7.429 7.429 18.857 0 26.286l-357.714 357.714c-7.429 7.429-18.857 7.429-26.286 0l-46.857-46.857c-7.429-7.429-7.429-18.857 0-26.286l25.143-25.143c-55.429-69.714-62.286-165.143-20-241.143-26.286-25.143-61.714-40.571-100.571-40.571-80.571 0-146.286 65.714-146.286 146.286v731.429h-146.286v-731.429c0-161.143 131.429-292.571 292.571-292.571 82.286 0 156.571 34.286 209.714 89.143 72-29.143 155.429-18.286 218.286 31.429l25.143-25.143c7.429-7.429 18.857-7.429 26.286 0zM768 292.571c20 0 36.571 16.571 36.571 36.571s-16.571 36.571-36.571 36.571-36.571-16.571-36.571-36.571 16.571-36.571 36.571-36.571zM914.286 365.714c-20 0-36.571-16.571-36.571-36.571s16.571-36.571 36.571-36.571 36.571 16.571 36.571 36.571-16.571 36.571-36.571 36.571zM1060.571 292.571c20 0 36.571 16.571 36.571 36.571s-16.571 36.571-36.571 36.571-36.571-16.571-36.571-36.571 16.571-36.571 36.571-36.571zM694.857 365.714c20 0 36.571 16.571 36.571 36.571s-16.571 36.571-36.571 36.571-36.571-16.571-36.571-36.571 16.571-36.571 36.571-36.571zM804.571 402.286c0-20 16.571-36.571 36.571-36.571s36.571 16.571 36.571 36.571-16.571 36.571-36.571 36.571-36.571-16.571-36.571-36.571zM987.429 365.714c20 0 36.571 16.571 36.571 36.571s-16.571 36.571-36.571 36.571-36.571-16.571-36.571-36.571 16.571-36.571 36.571-36.571zM621.714 438.857c20 0 36.571 16.571 36.571 36.571s-16.571 36.571-36.571 36.571-36.571-16.571-36.571-36.571 16.571-36.571 36.571-36.571zM768 512c-20 0-36.571-16.571-36.571-36.571s16.571-36.571 36.571-36.571 36.571 16.571 36.571 36.571-16.571 36.571-36.571 36.571zM914.286 438.857c20 0 36.571 16.571 36.571 36.571s-16.571 36.571-36.571 36.571-36.571-16.571-36.571-36.571 16.571-36.571 36.571-36.571zM694.857 585.143c-20 0-36.571-16.571-36.571-36.571s16.571-36.571 36.571-36.571 36.571 16.571 36.571 36.571-16.571 36.571-36.571 36.571zM841.143 512c20 0 36.571 16.571 36.571 36.571s-16.571 36.571-36.571 36.571-36.571-16.571-36.571-36.571 16.571-36.571 36.571-36.571zM621.714 585.143c20 0 36.571 16.571 36.571 36.571s-16.571 36.571-36.571 36.571-36.571-16.571-36.571-36.571 16.571-36.571 36.571-36.571zM768 585.143c20 0 36.571 16.571 36.571 36.571s-16.571 36.571-36.571 36.571-36.571-16.571-36.571-36.571 16.571-36.571 36.571-36.571zM694.857 658.286c20 0 36.571 16.571 36.571 36.571s-16.571 36.571-36.571 36.571-36.571-16.571-36.571-36.571 16.571-36.571 36.571-36.571zM621.714 731.429c20 0 36.571 16.571 36.571 36.571s-16.571 36.571-36.571 36.571-36.571-16.571-36.571-36.571 16.571-36.571 36.571-36.571z"
        ],
        "width": 1097.142857142857,
        "attrs": [],
        "isMulticolor": false,
        "isMulticolor2": false,
        "tags": [
          "shower"
        ],
        "defaultCode": 62156,
        "grid": 14
      },
      "attrs": [],
      "properties": {
        "name": "shower",
        "id": 656,
        "order": 17,
        "prevSize": 28
      },
      "setIdx": 0,
      "setId": 4,
      "iconIdx": 656
    },
    {
      "icon": {
        "paths": [
          "M629.76 189.44l204.8 204.8-629.76 629.76h-204.8v-204.8l629.76-629.76zM701.44 117.76l117.76-117.76 204.8 204.8-117.76 117.76-204.8-204.8z"
        ],
        "attrs": [],
        "isMulticolor": false,
        "isMulticolor2": false,
        "tags": [
          "edit-pencil"
        ],
        "grid": 20
      },
      "attrs": [],
      "properties": {
        "id": 114,
        "order": 8,
        "prevSize": 20,
        "name": "edit-pencil"
      },
      "setIdx": 2,
      "setId": 2,
      "iconIdx": 113
    },
    {
      "icon": {
        "paths": [
          "M512 164.864l-31.232-30.72c-50.338-47.679-118.487-76.997-193.485-76.997-155.523 0-281.6 126.077-281.6 281.6 0 74.87 29.219 142.916 76.875 193.356l-0.126-0.135 429.568 429.568 429.568-430.080c47.53-50.306 76.749-118.352 76.749-193.221 0-155.523-126.077-281.6-281.6-281.6-74.997 0-143.147 29.318-193.613 77.118l0.129-0.121-31.232 31.232z"
        ],
        "attrs": [],
        "isMulticolor": false,
        "isMulticolor2": false,
        "tags": [
          "heart"
        ],
        "grid": 20
      },
      "attrs": [],
      "properties": {
        "id": 142,
        "order": 10,
        "prevSize": 20,
        "name": "heart"
      },
      "setIdx": 2,
      "setId": 2,
      "iconIdx": 141
    },
    {
      "icon": {
        "paths": [
          "M102.4 614.4h921.6v307.2h-102.4v-102.4h-819.2v102.4h-102.4v-819.2h102.4v512zM512 307.2h409.6c56.554 0 102.4 45.846 102.4 102.4v0 153.6h-512v-256zM307.2 563.2c-84.831 0-153.6-68.769-153.6-153.6s68.769-153.6 153.6-153.6v0c84.831 0 153.6 68.769 153.6 153.6s-68.769 153.6-153.6 153.6v0z"
        ],
        "attrs": [],
        "isMulticolor": false,
        "isMulticolor2": false,
        "tags": [
          "location-hotel"
        ],
        "grid": 20
      },
      "attrs": [],
      "properties": {
        "id": 168,
        "order": 13,
        "prevSize": 20,
        "name": "location-hotel"
      },
      "setIdx": 2,
      "setId": 2,
      "iconIdx": 167
    },
    {
      "icon": {
        "paths": [
          "M704 640c-64 64-64 128-128 128s-128-64-192-128-128-128-128-192 64-64 128-128-128-256-192-256-192 192-192 192c0 128 131.5 387.5 256 512s384 256 512 256c0 0 192-128 192-192s-192-256-256-192z"
        ],